1,javascript,javascript
2,php,php
3,css,css
4,html,html
5,java,java
6,前端,前端
7,html5,html5
8,vue.js,vue.js
9,python,python
10,node.js,node.js
11,mysql,mysql
12,jquery,jquery
13,react.js,react.js
14,android,android
15,linux,linux
16,ios,ios
17,webpack,webpack
18,c++,c++
19,css3,css3
20,c,c
21,angular.js,angular.js
22,git,git
23,laravel,laravel
24,nginx,nginx
25,github,github
26,web,web
27,es6,es6
28,ajax,ajax
29,objective-c,objective-c
30,正则表达式,正则表达式
31,程序员,程序员
32,redis,redis
33,算法,算法
34,golang,golang
35,sql,sql
36,mongodb,mongodb
37,spring,spring
38,thinkphp,thinkphp
39,http,http
40,vue-router,vue-router
41,chrome,chrome
42,shell,shell
43,面试,面试
44,apache,apache
45,macos,macos
46,编程,编程
47,django,django
48,json,json
49,数据库,数据库
50,flask,flask
51,express,express
52,docker,docker
53,vuex,vuex
54,gulp,gulp
55,npm,npm
56,bootstrap,bootstrap
57,swift,swift
58,vue-cli,vue-cli
59,vim,vim
60,ubuntu,ubuntu
61,segmentfault,segmentfault
62,c#,c#
63,windows,windows
64,redux,redux
65,网页爬虫,网页爬虫
66,sublime-text,sublime-text
67,centos,centos
68,canvas,canvas
69,react-native,react-native
70,python3.x,python3.x
71,element-ui,element-ui
72,typescript,typescript
73,移动web开发,移动web开发
74,xcode,xcode
75,android-studio,android-studio
76,设计模式,设计模式
77,七牛云存储,七牛云存储
78,api,api
79,spring-mvc,spring-mvc
80,数组,数组
81,ruby,ruby
82,axios,axios
83,bash,bash
84,https,https
85,跨域,跨域
86,php框架,php框架
87,visual-studio-code,visual-studio-code
88,服务器,服务器
89,tomcat,tomcat
90,yii2,yii2
91,sass,sass
92,restful,restful
93,java-web,java-web
94,markdown,markdown
95,安全,安全
96,微信,微信
97,前端工程化,前端工程化
98,session,session
99,缓存,缓存
100,weex,weex
101,promise,promise
102,css3动画,css3动画
103,cookie,cookie
104,网络,网络
105,浏览器,浏览器
106,微信小程序,微信小程序
107,websocket,websocket
108,mvc,mvc
109,babel,babel
110,segmentfault-技术周刊,segmentfault-技术周刊
111,springboot,springboot
112,mybatis,mybatis
113,性能优化,性能优化
114,后端,后端
115,前端框架,前端框架
116,微信公众平台,微信公众平台
117,python爬虫,python爬虫
118,前端工程师,前端工程师
119,java-ee,java-ee
120,mysql优化,mysql优化
121,闭包,闭包
122,微信开发,微信开发
123,asp.net,asp.net
124,intellij-idea,intellij-idea
125,多线程,多线程
126,app,app
127,小程序,小程序
128,oracle,oracle
129,angular2,angular2
130,hexo,hexo
131,eclipse,eclipse
132,数据结构,数据结构
133,antd,antd
134,python2.7,python2.7
135,composer,composer
136,swoole,swoole
137,框架,框架
138,ssh,ssh
139,iphone,iphone
140,jquery插件,jquery插件
141,react-router,react-router
142,webapp,webapp
143,cors,cors
144,curl,curl
145,yii,yii
146,并发,并发
147,ruby-on-rails,ruby-on-rails
148,前后端分离,前后端分离
149,dom,dom
150,sublime-text-3,sublime-text-3
151,scrapy,scrapy
152,webstorm,webstorm
153,jsp,jsp
154,echarts,echarts
155,运维,运维
156,数据库设计,数据库设计
157,frontend,frontend
158,less,less
159,nosql,nosql
160,mvvm,mvvm
161,koa.js,koa.js
162,phpstorm,phpstorm
163,架构,架构
164,ionic,ionic
165,maven,maven
166,wordpress,wordpress
167,typecho,typecho
168,grunt,grunt
169,memcached,memcached
170,php7,php7
171,编辑器,编辑器
172,codeigniter,codeigniter
173,angular4,angular4
174,tornado,tornado
175,前端性能,前端性能
176,svn,svn
177,socket,socket
178,jvm,jvm
179,负载均衡,负载均衡
180,开源项目介绍,开源项目介绍
181,webpack-dev-server,webpack-dev-server
182,elasticsearch,elasticsearch
183,mongoose,mongoose
184,iview,iview
185,requirejs,requirejs
186,ide,ide
187,编程语言,编程语言
188,机器学习,机器学习
189,vue-resource,vue-resource
190,异步,异步
191,数据结构和算法,数据结构和算法
192,chrome-devtools,chrome-devtools
193,tcp,tcp
194,学习,学习
195,字体,字体
196,ecmascript,ecmascript
197,高并发,高并发
198,electron,electron
199,异步编程,异步编程
200,网站,网站
